{
	"1":{
		"src":"http://natsume.php.xdomain.jp/sample/20170522/img/1.png",
		"title":"カレンダー",
		"auth":"taro"
	},
	"2":{
		"src":"http://natsume.php.xdomain.jp/sample/20170522/img/2.png",
		"title":"時は金なり",
		"auth":"taro"
	},
	"3":{
		"src":"http://natsume.php.xdomain.jp/sample/20170522/img/3.png",
		"title":"時計",
		"auth":"jiro"
	},
	"4":{
		"src":"http://natsume.php.xdomain.jp/sample/20170522/img/4.png",
		"title":"節約",
		"auth":"hanako"
	},
	"5":{
		"src":"http://natsume.php.xdomain.jp/sample/20170522/img/5.png",
		"title":"セキュリティ",
		"auth":"taro"
	},
	"6":{
		"src":"http://natsume.php.xdomain.jp/sample/20170522/img/6.png",
		"title":"css",
		"auth":"hanako"
	},
	"7":{
		"src":"http://natsume.php.xdomain.jp/sample/20170522/img/7.png",
		"title":"ユーザー間",
		"auth":"jiro"
	},
	"8":{
		"src":"http://natsume.php.xdomain.jp/sample/20170522/img/8.png",
		"title":"目標",
		"auth":"hanako"
	}

}